-- Inserts generados automáticamente: 40 filas por tabla (añaden datos realistas manteniendo integridad referencial)
-- NOTA: El archivo original ya contiene un usuario con id=1. Aquí se insertan 40 usuarios adicionales (id 2..41).
-- Ajusta timestamps y contraseñas según necesidad. Ejecutar después del dump original.

START TRANSACTION;

-- 1) species (10 entries, suficientes para 40 breeds)
INSERT INTO `species` (`id`, `name`, `created_at`, `updated_at`) VALUES
(1,'Bovino','2025-09-06 12:00:00','2025-09-06 12:00:00'),
(2,'Ovino','2025-09-06 12:00:00','2025-09-06 12:00:00'),
(3,'Caprino','2025-09-06 12:00:00','2025-09-06 12:00:00'),
(4,'Porcino','2025-09-06 12:00:00','2025-09-06 12:00:00'),
(5,'Equino','2025-09-06 12:00:00','2025-09-06 12:00:00'),
(6,'Aviar','2025-09-06 12:00:00','2025-09-06 12:00:00'),
(7,'Canino','2025-09-06 12:00:00','2025-09-06 12:00:00'),
(8,'Felino','2025-09-06 12:00:00','2025-09-06 12:00:00'),
(9,'PecuariaMixta','2025-09-06 12:00:00','2025-09-06 12:00:00'),
(10,'Exotico','2025-09-06 12:00:00','2025-09-06 12:00:00');

-- 2) breeds (40 entries) -> species_id in 1..10
INSERT INTO `breeds` (`id`, `name`, `species_id`, `created_at`, `updated_at`) VALUES
(1,'Holstein','1','2025-09-06 12:00:00','2025-09-06 12:00:00'),
(2,'Jersey','1','2025-09-06 12:00:00','2025-09-06 12:00:00'),
(3,'Angus','1','2025-09-06 12:00:00','2025-09-06 12:00:00'),
(4,'Hereford','1','2025-09-06 12:00:00','2025-09-06 12:00:00'),
(5,'Suffolk','2','2025-09-06 12:00:00','2025-09-06 12:00:00'),
(6,'Merino','2','2025-09-06 12:00:00','2025-09-06 12:00:00'),
(7,'Boer','3','2025-09-06 12:00:00','2025-09-06 12:00:00'),
(8,'BoerCross','3','2025-09-06 12:00:00','2025-09-06 12:00:00'),
(9,'LargeWhite','4','2025-09-06 12:00:00','2025-09-06 12:00:00'),
(10,'Landrace','4','2025-09-06 12:00:00','2025-09-06 12:00:00'),
(11,'PuraSangre','5','2025-09-06 12:00:00','2025-09-06 12:00:00'),
(12,'Criollo','5','2025-09-06 12:00:00','2025-09-06 12:00:00'),
(13,'RhodeIsland','6','2025-09-06 12:00:00','2025-09-06 12:00:00'),
(14,'Leghorn','6','2025-09-06 12:00:00','2025-09-06 12:00:00'),
(15,'Labrador','7','2025-09-06 12:00:00','2025-09-06 12:00:00'),
(16,'PastorAleman','7','2025-09-06 12:00:00','2025-09-06 12:00:00'),
(17,'Siamese','8','2025-09-06 12:00:00','2025-09-06 12:00:00'),
(18,'MaineCoon','8','2025-09-06 12:00:00','2025-09-06 12:00:00'),
(19,'MixedSmallRuminant','9','2025-09-06 12:00:00','2025-09-06 12:00:00'),
(20,'ExoticReptile','10','2025-09-06 12:00:00','2025-09-06 12:00:00'),
(21,'Brangus','1','2025-09-06 12:00:00','2025-09-06 12:00:00'),
(22,'Gyr','1','2025-09-06 12:00:00','2025-09-06 12:00:00'),
(23,'Romney','2','2025-09-06 12:00:00','2025-09-06 12:00:00'),
(24,'Kiko','3','2025-09-06 12:00:00','2025-09-06 12:00:00'),
(25,'Duroc','4','2025-09-06 12:00:00','2025-09-06 12:00:00'),
(26,'Pottok','5','2025-09-06 12:00:00','2025-09-06 12:00:00'),
(27,'Araucana','6','2025-09-06 12:00:00','2025-09-06 12:00:00'),
(28,'Sussex','4','2025-09-06 12:00:00','2025-09-06 12:00:00'),
(29,'PecoraMista','9','2025-09-06 12:00:00','2025-09-06 12:00:00'),
(30,'ExoticaAve','6','2025-09-06 12:00:00','2025-09-06 12:00:00'),
(31,'Guzerat','1','2025-09-06 12:00:00','2025-09-06 12:00:00'),
(32,'SantaGertrudis','1','2025-09-06 12:00:00','2025-09-06 12:00:00'),
(33,'IleDeFrance','2','2025-09-06 12:00:00','2025-09-06 12:00:00'),
(34,'Nubian','3','2025-09-06 12:00:00','2025-09-06 12:00:00'),
(35,'KuneKune','4','2025-09-06 12:00:00','2025-09-06 12:00:00'),
(36,'Andalusian','5','2025-09-06 12:00:00','2025-09-06 12:00:00'),
(37,'Brahma','6','2025-09-06 12:00:00','2025-09-06 12:00:00'),
(38,'Peking','6','2025-09-06 12:00:00','2025-09-06 12:00:00'),
(39,'MixedCanine','7','2025-09-06 12:00:00','2025-09-06 12:00:00'),
(40,'MixedFeline','8','2025-09-06 12:00:00','2025-09-06 12:00:00');

-- 3) route_administrations (5 entries)
INSERT INTO `route_administrations` (`id`, `name`, `description`, `status`, `created_at`, `updated_at`) VALUES
(1,'Oral','Administración por vía oral',1,'2025-09-06 12:00:00','2025-09-06 12:00:00'),
(2,'Intramuscular','Inyección intramuscular',1,'2025-09-06 12:00:00','2025-09-06 12:00:00'),
(3,'Subcutánea','Inyección subcutánea',1,'2025-09-06 12:00:00','2025-09-06 12:00:00'),
(4,'Intravenosa','Inyección intravenosa',1,'2025-09-06 12:00:00','2025-09-06 12:00:00'),
(5,'Tópica','Aplicación tópica',1,'2025-09-06 12:00:00','2025-09-06 12:00:00');

-- 4) food_types (10 entries)
INSERT INTO `food_types` (`id`, `food_type`, `sowing_date`, `harvest_date`, `area`, `handlings`, `gauges`, `created_at`, `updated_at`) VALUES
(1,'PastoTierno','2025-03-01',NULL,5,'Corte semanal','N/A','2025-09-06 12:00:00','2025-09-06 12:00:00'),
(2,'Maíz','2025-02-15','2025-07-20',2,'Riego','Grano','2025-09-06 12:00:00','2025-09-06 12:00:00'),
(3,'Sorgo','2025-03-10',NULL,3,'Cosecha','N/A','2025-09-06 12:00:00','2025-09-06 12:00:00'),
(4,'Alfalfa','2025-01-10',NULL,1,'Corte quincenal','N/A','2025-09-06 12:00:00','2025-09-06 12:00:00'),
(5,'CéspedMezcla','2025-04-01',NULL,4,'Corte semanal','N/A','2025-09-06 12:00:00','2025-09-06 12:00:00'),
(6,'PasturaSeca','2024-12-01',NULL,8,'Enfardado','N/A','2025-09-06 12:00:00','2025-09-06 12:00:00'),
(7,'Silaje','2025-02-20',NULL,6,'Fermentación','N/A','2025-09-06 12:00:00','2025-09-06 12:00:00'),
(8,'GranoMix','2025-03-05',NULL,2,'Suministro diario','N/A','2025-09-06 12:00:00','2025-09-06 12:00:00'),
(9,'Leguminosas','2025-03-12',NULL,3,'Cosecha manual','N/A','2025-09-06 12:00:00','2025-09-06 12:00:00'),
(10,'Concentrado','2025-05-01',NULL,1,'Mezcla','N/A','2025-09-06 12:00:00','2025-09-06 12:00:00');

-- 5) medications (20 entries)
INSERT INTO `medications` (`id`, `name`, `description`, `indications`, `dosis`, `contraindications`, `route_administration_id`, `availability`, `created_at`, `updated_at`) VALUES
(1,'Oxitetraciclina','Antibiótico de amplio espectro','Infecciones bacterianas','20mg/kg','No administrar en caso de hipersensibilidad',2,1,'2025-09-06 12:00:00','2025-09-06 12:00:00'),
(2,'Ivermectina','Antiparasitario','Desparasitación externa e interna','0.2mg/kg','No en bovinos lecheros en periodo de lactancia',1,1,'2025-09-06 12:00:00','2025-09-06 12:00:00'),
(3,'Penicilina','Antibiótico','Infecciones específicas','10.000 UI/kg','Alergia a penicilina',2,1,'2025-09-06 12:00:00','2025-09-06 12:00:00'),
(4,'VacunaRabia','Vacuna inactivada','Prevención de rabia','Según protocolo','No aplicar si animal está enfermo',3,1,'2025-09-06 12:00:00','2025-09-06 12:00:00'),
(5,'VitaminaA','Suplemento vitamínico','Deficiencia vitamínica','5.000 UI','N/A',1,1,'2025-09-06 12:00:00','2025-09-06 12:00:00'),
(6,'VitaminaD3','Suplemento vitamínico','Problemas óseos','2.000 UI','N/A',1,1,'2025-09-06 12:00:00','2025-09-06 12:00:00'),
(7,'Ketoprofeno','Antiinflamatorio','Inflamación y dolor','3mg/kg','No usar con AINES similares',2,1,'2025-09-06 12:00:00','2025-09-06 12:00:00'),
(8,'Albendazol','Antiparasitario sistémico','Gusanos intestinales','10mg/kg','Evitar en gestación temprana',1,1,'2025-09-06 12:00:00','2025-09-06 12:00:00'),
(9,'Metronidazol','Antiprotozoario','Trichomonas, Giardia','15mg/kg','No en terneros',2,1,'2025-09-06 12:00:00','2025-09-06 12:00:00'),
(10,'Amoxicilina','Antibiótico','Infecciones respiratorias','10mg/kg','Alergia a penicilina',2,1,'2025-09-06 12:00:00','2025-09-06 12:00:00'),
(11,'Enrofloxacino','Antibiótico','Infecciones severas','5mg/kg','No en aves de corral reproductoras',2,1,'2025-09-06 12:00:00','2025-09-06 12:00:00'),
(12,'Triclabendazol','Anthelmíntico','Fasciola hepática','10mg/kg','N/A',1,1,'2025-09-06 12:00:00','2025-09-06 12:00:00'),
(13,'Ceftiofur','Antibiótico','Infecciones bovinas','2mg/kg','Alergia a cefalosporinas',2,1,'2025-09-06 12:00:00','2025-09-06 12:00:00'),
(14,'Dexametasona','Corticosteroide','Reacciones inflamatorias','0.1mg/kg','Usar con precaución',2,1,'2025-09-06 12:00:00','2025-09-06 12:00:00'),
(15,'Sulfonamida','Antibacteriano','Infecciones generales','30mg/kg','Evitar en producción de leche',1,1,'2025-09-06 12:00:00','2025-09-06 12:00:00'),
(16,'ProcaínaPenicilina','Antibiótico','Infecciones cutáneas','10.000 UI/kg','Alergia a penicilina',2,1,'2025-09-06 12:00:00','2025-09-06 12:00:00'),
(17,'Clorfenamina','Antihistamínico','Reacciones alérgicas','0.5mg/kg','N/A',1,1,'2025-09-06 12:00:00','2025-09-06 12:00:00'),
(18,'Florfenicol','Antibiótico','Enfermedades respiratorias','20mg/kg','No usar en leche',2,1,'2025-09-06 12:00:00','2025-09-06 12:00:00'),
(19,'Nitazoxanida','Antiprotozoario','Coccidiosis','10mg/kg','N/A',1,1,'2025-09-06 12:00:00','2025-09-06 12:00:00'),
(20,'BenzatilPenicilina','Antibiótico','Infecciones bacterianas','10.000 UI/kg','Alergia a penicilina',2,1,'2025-09-06 12:00:00','2025-09-06 12:00:00');
-- 6) diseases (20 entries)
INSERT INTO `diseases` (`id`, `name`, `symptoms`, `details`, `created_at`, `updated_at`) VALUES
(1,'Neumonía','Tos, fiebre, dificultad respiratoria','Infección respiratoria común en terneros','2025-09-06 12:00:00','2025-09-06 12:00:00'),
(2,'Mastitis','Inflamación de ubres, leche anormal','Infección bacteriana de la glándula mamaria','2025-09-06 12:00:00','2025-09-06 12:00:00'),
(3,'ParásitosIntestinales','Diarrea, pérdida de peso','Infestación por helmintos','2025-09-06 12:00:00','2025-09-06 12:00:00'),
(4,'Rabia','Cambios de comportamiento, parálisis','Enfermedad viral mortal','2025-09-06 12:00:00','2025-09-06 12:00:00'),
(5,'FiebreAftosa','Lesiones en boca y pezuñas','Enfermedad viral muy contagiosa','2025-09-06 12:00:00','2025-09-06 12:00:00'),
(6,'Coccidiosis','Diarrea, deshidratación','Protozoarios intestinales','2025-09-06 12:00:00','2025-09-06 12:00:00'),
(7,'Brucelosis','Abortos, infertilidad','Enfermedad bacteriana zoonótica','2025-09-06 12:00:00','2025-09-06 12:00:00'),
(8,'Clostridiosis','Muerte súbita, debilidad','Grupo de enfermedades bacterianas','2025-09-06 12:00:00','2025-09-06 12:00:00'),
(9,'Dermatitis','Lesiones cutáneas','Problemas de piel por parásitos o ambiente','2025-09-06 12:00:00','2025-09-06 12:00:00'),
(10,'Anemia','Paleamiento, debilidad','Deficiencia nutricional o parasitaria','2025-09-06 12:00:00','2025-09-06 12:00:00'),
(11,'Leptospirosis','Fiebre, aborto','Enfermedad bacteriana transmitida por agua','2025-09-06 12:00:00','2025-09-06 12:00:00'),
(12,'Parvovirosis','Diarrea severa, vómito','En perros, alto riesgo en cachorros','2025-09-06 12:00:00','2025-09-06 12:00:00'),
(13,'Gastroenteritis','Diarrea, inapetencia','Trastorno digestivo general','2025-09-06 12:00:00','2025-09-06 12:00:00'),
(14,'Artritis','Cojeo, inflamación articular','Causas infecciosas o mecánicas','2025-09-06 12:00:00','2025-09-06 12:00:00'),
(15,'Tuberculosis','Tos crónica, pérdida de peso','Enfermedad zootópica', '2025-09-06 12:00:00','2025-09-06 12:00:00'),
(16,'Dermatofitosis','Alopecia, lesiones circulares','Infección fúngica en piel','2025-09-06 12:00:00','2025-09-06 12:00:00'),
(17,'Hipocalcemia','Temblor, debilidad','Trastorno mineral en lactantes','2025-09-06 12:00:00','2025-09-06 12:00:00'),
(18,'TosDeLasGranjas','Tos, fiebre moderada','Síndrome respiratorio de origen mixto','2025-09-06 12:00:00','2025-09-06 12:00:00'),
(19,'ParásitosExternos','Prurito, pérdida de pelo','Pulgas, garrapatas, ácaros','2025-09-06 12:00:00','2025-09-06 12:00:00'),
(20,'Bronquitis','Tos persistente','Inflamación de vías respiratorias', '2025-09-06 12:00:00','2025-09-06 12:00:00');

-- 7) vaccines (20 entries) -> route_administration_id 1..5, target_disease_id in diseases
INSERT INTO `vaccines` (`id`,`name`,`dosis`,`route_administration_id`,`vaccination_interval`,`type`,`national_plan`,`target_disease_id`,`created_at`,`updated_at`) VALUES
(1,'VacunaBovinaA','2ml','2','Anual','Inactivada','PlanNacionalA',2,'2025-09-06 12:00:00','2025-09-06 12:00:00'),
(2,'VacunaOvinos','1ml','3','Semestral','Atenuada','PlanNacionalB',6,'2025-09-06 12:00:00','2025-09-06 12:00:00'),
(3,'VacunaRabiaAnimal','1ml','2','Anual','Inactivada','PlanRabia',4,'2025-09-06 12:00:00','2025-09-06 12:00:00'),
(4,'VacunaFiebreAftosa','2ml','2','Anual','Inactivada','PlanFiebre',5,'2025-09-06 12:00:00','2025-09-06 12:00:00'),
(5,'VacunaClostridial','2ml','2','Anual','Inactivada','PlanClostridial',8,'2025-09-06 12:00:00','2025-09-06 12:00:00'),
(6,'VacunaParasitica','2ml','1','Trimestral','Subunidad','PlanParasitos',3,'2025-09-06 12:00:00','2025-09-06 12:00:00'),
(7,'VacunaMixta','2ml','2','Anual','Conjugada','PlanMixto',1,'2025-09-06 12:00:00','2025-09-06 12:00:00'),
(8,'VacunaLepto','1.5ml','3','Anual','Inactivada','PlanLepto',11,'2025-09-06 12:00:00','2025-09-06 12:00:00'),
(9,'VacunaBronquitis','1ml','2','Anual','Inactivada','PlanResp',20,'2025-09-06 12:00:00','2025-09-06 12:00:00'),
(10,'VacunaGastro','1ml','1','Anual','Subunidad','PlanGastro',13,'2025-09-06 12:00:00','2025-09-06 12:00:00'),
(11,'VacunaAves','0.5ml','1','Anual','Atenuada','PlanAviar',6,'2025-09-06 12:00:00','2025-09-06 12:00:00'),
(12,'VacunaPorcina','2ml','2','Anual','Inactivada','PlanPorcino',5,'2025-09-06 12:00:00','2025-09-06 12:00:00'),
(13,'VacunaClostridial2','2ml','2','Anual','Inactivada','PlanClostridial',8,'2025-09-06 12:00:00','2025-09-06 12:00:00'),
(14,'VacunaReproductiva','2ml','3','Anual','Recombinante','PlanRepro',7,'2025-09-06 12:00:00','2025-09-06 12:00:00'),
(15,'VacunaLeukosis','2ml','2','Anual','Inactivada','PlanLeuk',15,'2025-09-06 12:00:00','2025-09-06 12:00:00'),
(16,'VacunaExotica','1ml','1','Anual','Adn','PlanExot',20,'2025-09-06 12:00:00','2025-09-06 12:00:00'),
(17,'VacunaMix2','1.5ml','2','Semestral','Subunidad','PlanMix',1,'2025-09-06 12:00:00','2025-09-06 12:00:00'),
(18,'VacunaAntiparasitaria','2ml','1','Trimestral','Inactivada','PlanAnti',3,'2025-09-06 12:00:00','2025-09-06 12:00:00'),
(19,'VacunaCutanea','1ml','5','Anual','Toxoide','PlanCut',9,'2025-09-06 12:00:00','2025-09-06 12:00:00'),
(20,'VacunaEspecial','1ml','4','Anual','Recombinante','PlanEsp',2,'2025-09-06 12:00:00','2025-09-06 12:00:00');

-- 8) user (40 entries) -> note id=1 already exists in dump; here we add ids 2..41
INSERT INTO `user` (`id`, `identification`, `fullname`, `password`, `email`, `phone`, `address`, `role`, `status`, `created_at`, `updated_at`) VALUES
(2,10000001,'Instructor A','$2y$10$hash1','instr1@example.com','3000000001','Field 1','Instructor',1,'2025-09-06 12:00:00','2025-09-06 12:00:00'),
(3,10000002,'Instructor B','$2y$10$hash2','instr2@example.com','3000000002','Field 2','Instructor',1,'2025-09-06 12:00:00','2025-09-06 12:00:00'),
(4,10000003,'Aprendiz 1','$2y$10$hash3','apren1@example.com','3000000003','Camp 1','Aprendiz',1,'2025-09-06 12:00:00','2025-09-06 12:00:00'),
(5,10000004,'Aprendiz 2','$2y$10$hash4','apren2@example.com','3000000004','Camp 2','Aprendiz',1,'2025-09-06 12:00:00','2025-09-06 12:00:00'),
(6,10000005,'Aprendiz 3','$2y$10$hash5','apren3@example.com','3000000005','Camp 3','Aprendiz',1,'2025-09-06 12:00:00','2025-09-06 12:00:00'),
(7,10000006,'Veterinario 1','$2y$10$hash6','vet1@example.com','3000000006','Clinic','Instructor',1,'2025-09-06 12:00:00','2025-09-06 12:00:00'),
(8,10000007,'Veterinario 2','$2y$10$hash7','vet2@example.com','3000000007','Clinic B','Instructor',1,'2025-09-06 12:00:00','2025-09-06 12:00:00'),
(9,10000008,'Usuario 1','$2y$10$hash8','user1@example.com','3000000008','Home 1','Aprendiz',1,'2025-09-06 12:00:00','2025-09-06 12:00:00'),
(10,10000009,'Usuario 2','$2y$10$hash9','user2@example.com','3000000009','Home 2','Aprendiz',1,'2025-09-06 12:00:00','2025-09-06 12:00:00'),
(11,10000010,'Usuario 3','$2y$10$hash10','user3@example.com','3000000010','Home 3','Aprendiz',1,'2025-09-06 12:00:00','2025-09-06 12:00:00'),
(12,10000011,'Admin 2','$2y$10$hash11','admin2@example.com','3000000011','Main HQ 2','Administrador',1,'2025-09-06 12:00:00','2025-09-06 12:00:00'),
(13,10000012,'Instructor C','$2y$10$hash12','instr3@example.com','3000000012','Field 3','Instructor',1,'2025-09-06 12:00:00','2025-09-06 12:00:00'),
(14,10000013,'Aprendiz 4','$2y$10$hash13','apren4@example.com','3000000013','Camp 4','Aprendiz',1,'2025-09-06 12:00:00','2025-09-06 12:00:00'),
(15,10000014,'Aprendiz 5','$2y$10$hash14','apren5@example.com','3000000014','Camp 5','Aprendiz',1,'2025-09-06 12:00:00','2025-09-06 12:00:00'),
(16,10000015,'Usuario 4','$2y$10$hash15','user4@example.com','3000000015','Home 4','Aprendiz',1,'2025-09-06 12:00:00','2025-09-06 12:00:00'),
(17,10000016,'Usuario 5','$2y$10$hash16','user5@example.com','3000000016','Home 5','Aprendiz',1,'2025-09-06 12:00:00','2025-09-06 12:00:00'),
(18,10000017,'Instructor D','$2y$10$hash17','instr4@example.com','3000000017','Field 4','Instructor',1,'2025-09-06 12:00:00','2025-09-06 12:00:00'),
(19,10000018,'Veterinario 3','$2y$10$hash18','vet3@example.com','3000000018','Clinic C','Instructor',1,'2025-09-06 12:00:00','2025-09-06 12:00:00'),
(20,10000019,'Aprendiz 6','$2y$10$hash19','apren6@example.com','3000000019','Camp 6','Aprendiz',1,'2025-09-06 12:00:00','2025-09-06 12:00:00'),
(21,10000020,'Usuario 6','$2y$10$hash20','user6@example.com','3000000020','Home 6','Aprendiz',1,'2025-09-06 12:00:00','2025-09-06 12:00:00'),
(22,10000021,'Admin 3','$2y$10$hash21','admin3@example.com','3000000021','HQ 3','Administrador',1,'2025-09-06 12:00:00','2025-09-06 12:00:00'),
(23,10000022,'Usuario 7','$2y$10$hash22','user7@example.com','3000000022','Home 7','Aprendiz',1,'2025-09-06 12:00:00','2025-09-06 12:00:00'),
(24,10000023,'Aprendiz 7','$2y$10$hash23','apren7@example.com','3000000023','Camp 7','Aprendiz',1,'2025-09-06 12:00:00','2025-09-06 12:00:00'),
(25,10000024,'Usuario 8','$2y$10$hash24','user8@example.com','3000000024','Home 8','Aprendiz',1,'2025-09-06 12:00:00','2025-09-06 12:00:00'),
(26,10000025,'Instructor E','$2y$10$hash25','instr5@example.com','3000000025','Field 5','Instructor',1,'2025-09-06 12:00:00','2025-09-06 12:00:00'),
(27,10000026,'Veterinario 4','$2y$10$hash26','vet4@example.com','3000000026','Clinic D','Instructor',1,'2025-09-06 12:00:00','2025-09-06 12:00:00'),
(28,10000027,'Usuario 9','$2y$10$hash27','user9@example.com','3000000027','Home 9','Aprendiz',1,'2025-09-06 12:00:00','2025-09-06 12:00:00'),
(29,10000028,'Aprendiz 8','$2y$10$hash28','apren8@example.com','3000000028','Camp 8','Aprendiz',1,'2025-09-06 12:00:00','2025-09-06 12:00:00'),
(30,10000029,'Usuario 10','$2y$10$hash29','user10@example.com','3000000029','Home 10','Aprendiz',1,'2025-09-06 12:00:00','2025-09-06 12:00:00'),
(31,10000030,'Instructor F','$2y$10$hash30','instr6@example.com','3000000030','Field 6','Instructor',1,'2025-09-06 12:00:00','2025-09-06 12:00:00'),
(32,10000031,'Aprendiz 9','$2y$10$hash31','apren9@example.com','3000000031','Camp 9','Aprendiz',1,'2025-09-06 12:00:00','2025-09-06 12:00:00'),
(33,10000032,'Usuario 11','$2y$10$hash32','user11@example.com','3000000032','Home 11','Aprendiz',1,'2025-09-06 12:00:00','2025-09-06 12:00:00'),
(34,10000033,'Veterinario 5','$2y$10$hash33','vet5@example.com','3000000033','Clinic E','Instructor',1,'2025-09-06 12:00:00','2025-09-06 12:00:00'),
(35,10000034,'Aprendiz 10','$2y$10$hash34','apren10@example.com','3000000034','Camp 10','Aprendiz',1,'2025-09-06 12:00:00','2025-09-06 12:00:00'),
(36,10000035,'Usuario 12','$2y$10$hash35','user12@example.com','3000000035','Home 12','Aprendiz',1,'2025-09-06 12:00:00','2025-09-06 12:00:00'),
(37,10000036,'Instructor G','$2y$10$hash36','instr7@example.com','3000000036','Field 7','Instructor',1,'2025-09-06 12:00:00','2025-09-06 12:00:00'),
(38,10000037,'Usuario 13','$2y$10$hash37','user13@example.com','3000000037','Home 13','Aprendiz',1,'2025-09-06 12:00:00','2025-09-06 12:00:00'),
(39,10000038,'Aprendiz 11','$2y$10$hash38','apren11@example.com','3000000038','Camp 11','Aprendiz',1,'2025-09-06 12:00:00','2025-09-06 12:00:00'),
(40,10000039,'Usuario 14','$2y$10$hash39','user14@example.com','3000000039','Home 14','Aprendiz',1,'2025-09-06 12:00:00','2025-09-06 12:00:00'),
(41,10000040,'Usuario 15','$2y$10$hash40','user15@example.com','3000000040','Home 15','Aprendiz',1,'2025-09-06 12:00:00','2025-09-06 12:00:00');

-- 9) fields (40 entries) -> food_type_id 1..10 (some NULLs possible)
INSERT INTO `fields` (`id`,`name`,`ubication`,`capacity`,`state`,`handlings`,`gauges`,`area`,`food_type_id`,`created_at`,`updated_at`) VALUES
(1,'Potrero Norte','Sector A','50','Disponible','Rotación','N/A','10 ha',1,'2025-09-06 12:00:00','2025-09-06 12:00:00'),
(2,'Potrero Sur','Sector B','40','Disponible','Riego','N/A','8 ha',2,'2025-09-06 12:00:00','2025-09-06 12:00:00'),
(3,'Corral 1','Cercado 1','30','Ocupado','Limpieza diaria','N/A','2 ha',3,'2025-09-06 12:00:00','2025-09-06 12:00:00'),
(4,'Corral 2','Cercado 2','30','Mantenimiento','Reparación','N/A','2 ha',4,'2025-09-06 12:00:00','2025-09-06 12:00:00'),
(5,'Invernadero','Sector C','10','Disponible','Cosecha','N/A','1 ha',5,'2025-09-06 12:00:00','2025-09-06 12:00:00'),
(6,'Potrero Este','Sector D','60','Disponible','Rotación','N/A','12 ha',6,'2025-09-06 12:00:00','2025-09-06 12:00:00'),
(7,'Potrero Oeste','Sector E','55','Disponible','Riego','N/A','11 ha',7,'2025-09-06 12:00:00','2025-09-06 12:00:00'),
(8,'Cerca 3','Cercado 3','20','Ocupado','Limpieza','N/A','3 ha',8,'2025-09-06 12:00:00','2025-09-06 12:00:00'),
(9,'Corral Leche','Sector L','25','Disponible','Orden de ordeño','N/A','3 ha',9,'2025-09-06 12:00:00','2025-09-06 12:00:00'),
(10,'Pastizal 1','Sector P1','70','Disponible','Rotación intensiva','N/A','15 ha',10,'2025-09-06 12:00:00','2025-09-06 12:00:00'),
(11,'Potrero Adicional 1','Sector F','35','Disponible','Riego','N/A','6 ha',1,'2025-09-06 12:00:00','2025-09-06 12:00:00'),
(12,'Potrero Adicional 2','Sector G','45','Disponible','Riego','N/A','7 ha',2,'2025-09-06 12:00:00','2025-09-06 12:00:00'),
(13,'Cercado 4','Sector H','15','Mantenimiento','Reparación','N/A','2 ha',3,'2025-09-06 12:00:00','2025-09-06 12:00:00'),
(14,'Cercado 5','Sector I','15','Disponible','Limpieza','N/A','2 ha',4,'2025-09-06 12:00:00','2025-09-06 12:00:00'),
(15,'Establo 1','Sector J','20','Ocupado','Alimentación controlada','N/A','2 ha',5,'2025-09-06 12:00:00','2025-09-06 12:00:00'),
(16,'Establo 2','Sector K','18','Disponible','Limpieza diaria','N/A','2 ha',6,'2025-09-06 12:00:00','2025-09-06 12:00:00'),
(17,'Potrero Chico','Sector L','22','Disponible','Rotación ligera','N/A','4 ha',7,'2025-09-06 12:00:00','2025-09-06 12:00:00'),
(18,'Corral Reproductivo','Sector M','12','Disponible','Control sanitario','N/A','1 ha',8,'2025-09-06 12:00:00','2025-09-06 12:00:00'),
(19,'Potrero Experimental','Sector N','8','Mantenimiento','Ensayos','N/A','1 ha',9,'2025-09-06 12:00:00','2025-09-06 12:00:00'),
(20,'Potrero Anexo','Sector O','50','Disponible','Rotación','N/A','9 ha',10,'2025-09-06 12:00:00','2025-09-06 12:00:00'),
(21,'Sector 21','Zona 21','40','Disponible','Riego','N/A','8 ha',1,'2025-09-06 12:00:00','2025-09-06 12:00:00'),
(22,'Sector 22','Zona 22','30','Disponible','Manejo','N/A','6 ha',2,'2025-09-06 12:00:00','2025-09-06 12:00:00'),
(23,'Sector 23','Zona 23','25','Disponible','Manejo','N/A','5 ha',3,'2025-09-06 12:00:00','2025-09-06 12:00:00'),
(24,'Sector 24','Zona 24','20','Disponible','Manejo','N/A','4 ha',4,'2025-09-06 12:00:00','2025-09-06 12:00:00'),
(25,'Sector 25','Zona 25','15','Disponible','Manejo','N/A','3 ha',5,'2025-09-06 12:00:00','2025-09-06 12:00:00'),
(26,'Sector 26','Zona 26','10','Disponible','Manejo','N/A','2 ha',6,'2025-09-06 12:00:00','2025-09-06 12:00:00'),
(27,'Sector 27','Zona 27','8','Disponible','Manejo','N/A','1 ha',7,'2025-09-06 12:00:00','2025-09-06 12:00:00'),
(28,'Sector 28','Zona 28','60','Disponible','Manejo','N/A','14 ha',8,'2025-09-06 12:00:00','2025-09-06 12:00:00'),
(29,'Sector 29','Zona 29','35','Disponible','Manejo','N/A','7 ha',9,'2025-09-06 12:00:00','2025-09-06 12:00:00'),
(30,'Sector 30','Zona 30','45','Disponible','Manejo','N/A','9 ha',10,'2025-09-06 12:00:00','2025-09-06 12:00:00'),
(31,'Sector 31','Zona 31','38','Disponible','Manejo','N/A','8 ha',1,'2025-09-06 12:00:00','2025-09-06 12:00:00'),
(32,'Sector 32','Zona 32','28','Disponible','Manejo','N/A','6 ha',2,'2025-09-06 12:00:00','2025-09-06 12:00:00'),
(33,'Sector 33','Zona 33','18','Disponible','Manejo','N/A','4 ha',3,'2025-09-06 12:00:00','2025-09-06 12:00:00'),
(34,'Sector 34','Zona 34','14','Disponible','Manejo','N/A','3 ha',4,'2025-09-06 12:00:00','2025-09-06 12:00:00'),
(35,'Sector 35','Zona 35','12','Disponible','Manejo','N/A','2 ha',5,'2025-09-06 12:00:00','2025-09-06 12:00:00'),
(36,'Sector 36','Zona 36','9','Disponible','Manejo','N/A','1 ha',6,'2025-09-06 12:00:00','2025-09-06 12:00:00'),
(37,'Sector 37','Zona 37','7','Disponible','Manejo','N/A','1 ha',7,'2025-09-06 12:00:00','2025-09-06 12:00:00'),
(38,'Sector 38','Zona 38','6','Disponible','Manejo','N/A','1 ha',8,'2025-09-06 12:00:00','2025-09-06 12:00:00'),
(39,'Sector 39','Zona 39','5','Disponible','Manejo','N/A','1 ha',9,'2025-09-06 12:00:00','2025-09-06 12:00:00'),
(40,'Sector 40','Zona 40','4','Disponible','Manejo','N/A','0.5 ha',10,'2025-09-06 12:00:00','2025-09-06 12:00:00');

-- 10) animals (40 entries) -> create pedigree across generations
-- We'll create 5 generations: gen1 ids 1..5 (founders, parents NULL), gen2 ids 6..15 (parents from gen1),
-- gen3 ids 16..25 (parents from gen2), gen4 ids 26..35 (parents from gen3), gen5 ids 36..40 (parents from gen4).
INSERT INTO `animals` (`id`,`sex`,`birth_date`,`weight`,`record`,`status`,`breeds_id`,`idFather`,`idMother`,`created_at`,`updated_at`) VALUES
-- Generation 1 (founders)
(1,'Macho','2015-03-10',700,'REC0001','Vivo',1,NULL,NULL,'2020-01-01 08:00:00','2025-09-06 12:00:00'),
(2,'Hembra','2016-05-20',620,'REC0002','Vivo',2,NULL,NULL,'2020-02-01 08:00:00','2025-09-06 12:00:00'),
(3,'Macho','2014-07-15',680,'REC0003','Vivo',3,NULL,NULL,'2020-03-01 08:00:00','2025-09-06 12:00:00'),
(4,'Hembra','2017-02-25',590,'REC0004','Vivo',4,NULL,NULL,'2020-04-01 08:00:00','2025-09-06 12:00:00'),
(5,'Hembra','2015-11-05',600,'REC0005','Vivo',5,NULL,NULL,'2020-05-01 08:00:00','2025-09-06 12:00:00'),
-- Generation 2 (parents from gen1)
(6,'Macho','2018-04-10',450,'REC0006','Vivo',6,1,2,'2021-01-01 08:00:00','2025-09-06 12:00:00'),
(7,'Hembra','2019-06-12',430,'REC0007','Vivo',7,3,4,'2021-02-01 08:00:00','2025-09-06 12:00:00'),
(8,'Macho','2018-09-09',480,'REC0008','Vivo',8,1,5,'2021-03-01 08:00:00','2025-09-06 12:00:00'),
(9,'Hembra','2019-11-20',410,'REC0009','Vivo',9,2,4,'2021-04-01 08:00:00','2025-09-06 12:00:00'),
(10,'Macho','2018-12-30',460,'REC0010','Vivo',10,3,2,'2021-05-01 08:00:00','2025-09-06 12:00:00'),
(11,'Hembra','2019-01-15',420,'REC0011','Vivo',11,1,4,'2021-06-01 08:00:00','2025-09-06 12:00:00'),
(12,'Macho','2020-02-02',430,'REC0012','Vivo',12,3,5,'2021-07-01 08:00:00','2025-09-06 12:00:00'),
(13,'Hembra','2018-07-07',440,'REC0013','Vivo',13,2,1,'2021-08-01 08:00:00','2025-09-06 12:00:00'),
(14,'Macho','2019-03-03',470,'REC0014','Vivo',14,4,5,'2021-09-01 08:00:00','2025-09-06 12:00:00'),
(15,'Hembra','2020-08-08',400,'REC0015','Vivo',15,1,3,'2021-10-01 08:00:00','2025-09-06 12:00:00'),
-- Generation 3 (parents from gen2)
(16,'Macho','2021-05-10',320,'REC0016','Vivo',16,6,7,'2022-01-01 08:00:00','2025-09-06 12:00:00'),
(17,'Hembra','2021-06-12',310,'REC0017','Vivo',17,8,9,'2022-02-01 08:00:00','2025-09-06 12:00:00'),
(18,'Macho','2021-07-14',340,'REC0018','Vivo',18,10,11,'2022-03-01 08:00:00','2025-09-06 12:00:00'),
(19,'Hembra','2021-08-16',300,'REC0019','Vivo',19,12,13,'2022-04-01 08:00:00','2025-09-06 12:00:00'),
(20,'Macho','2021-09-18',330,'REC0020','Vivo',20,14,15,'2022-05-01 08:00:00','2025-09-06 12:00:00'),
(21,'Hembra','2022-01-10',295,'REC0021','Vivo',21,6,9,'2022-06-01 08:00:00','2025-09-06 12:00:00'),
(22,'Macho','2022-02-11',310,'REC0022','Vivo',22,8,11,'2022-07-01 08:00:00','2025-09-06 12:00:00'),
(23,'Hembra','2022-03-12',305,'REC0023','Vivo',23,10,13,'2022-08-01 08:00:00','2025-09-06 12:00:00'),
(24,'Macho','2022-04-13',340,'REC0024','Vivo',24,14,6,'2022-09-01 08:00:00','2025-09-06 12:00:00'),
(25,'Hembra','2022-05-14',290,'REC0025','Vivo',25,12,7,'2022-10-01 08:00:00','2025-09-06 12:00:00'),
-- Generation 4 (parents from gen3)
(26,'Macho','2023-02-10',200,'REC0026','Vivo',26,16,17,'2023-06-01 08:00:00','2025-09-06 12:00:00'),
(27,'Hembra','2023-03-11',190,'REC0027','Vivo',27,18,19,'2023-07-01 08:00:00','2025-09-06 12:00:00'),
(28,'Macho','2023-04-12',210,'REC0028','Vivo',28,20,21,'2023-08-01 08:00:00','2025-09-06 12:00:00'),
(29,'Hembra','2023-05-13',195,'REC0029','Vivo',29,22,23,'2023-09-01 08:00:00','2025-09-06 12:00:00'),
(30,'Macho','2023-06-14',205,'REC0030','Vivo',30,24,25,'2023-10-01 08:00:00','2025-09-06 12:00:00'),
(31,'Hembra','2023-07-15',185,'REC0031','Vivo',31,16,19,'2023-11-01 08:00:00','2025-09-06 12:00:00'),
(32,'Macho','2023-08-16',220,'REC0032','Vivo',32,18,21,'2023-12-01 08:00:00','2025-09-06 12:00:00'),
(33,'Hembra','2023-09-17',180,'REC0033','Vivo',33,20,23,'2024-01-01 08:00:00','2025-09-06 12:00:00'),
(34,'Macho','2023-10-18',215,'REC0034','Vivo',34,24,17,'2024-02-01 08:00:00','2025-09-06 12:00:00'),
(35,'Hembra','2023-11-19',175,'REC0035','Vivo',35,22,19,'2024-03-01 08:00:00','2025-09-06 12:00:00'),
-- Generation 5 (youngest with parents from gen4) - provides tataratarabuelo chain
(36,'Macho','2024-05-05',120,'REC0036','Vivo',36,26,27,'2024-06-01 08:00:00','2025-09-06 12:00:00'),
(37,'Hembra','2024-06-06',110,'REC0037','Vivo',37,28,29,'2024-07-01 08:00:00','2025-09-06 12:00:00'),
(38,'Macho','2024-07-07',125,'REC0038','Vivo',38,30,31,'2024-08-01 08:00:00','2025-09-06 12:00:00'),
(39,'Hembra','2024-08-08',115,'REC0039','Vivo',39,32,33,'2024-09-01 08:00:00','2025-09-06 12:00:00'),
(40,'Macho','2024-09-09',130,'REC0040','Vivo',40,34,35,'2024-10-01 08:00:00','2025-09-06 12:00:00');

-- 11) animal_diseases (40 entries) -> link animals 1..40 with diseases 1..20 and instructor ids among users (7,8,19,27,34)
INSERT INTO `animal_diseases` (`id`,`animal_id`,`disease_id`,`instructor_id`,`diagnosis_date`,`status`,`notes`,`created_at`,`updated_at`) VALUES
(1,1,2,7,'2020-05-01','Tratado','Mastitis leve','2020-05-01 09:00:00','2020-05-01 09:00:00'),
(2,2,3,8,'2020-06-02','Tratado','Desparasitación programada','2020-06-02 09:00:00','2020-06-02 09:00:00'),
(3,3,1,7,'2020-07-03','Tratado','Neumonía tratada con antibiótico','2020-07-03 09:00:00','2020-07-03 09:00:00'),
(4,4,9,19,'2020-08-04','Observación','Dermatitis ligera','2020-08-04 09:00:00','2020-08-04 09:00:00'),
(5,5,6,8,'2020-09-05','Tratado','Coccidiosis en recría','2020-09-05 09:00:00','2020-09-05 09:00:00'),
(6,6,3,27,'2021-02-10','Tratado','Control antiparasitario','2021-02-10 09:00:00','2021-02-10 09:00:00'),
(7,7,9,34,'2021-03-11','Observación','Afección cutánea','2021-03-11 09:00:00','2021-03-11 09:00:00'),
(8,8,2,7,'2021-04-12','Tratado','Mastitis subclínica','2021-04-12 09:00:00','2021-04-12 09:00:00'),
(9,9,13,8,'2021-05-13','Tratado','Gastroenteritis leve','2021-05-13 09:00:00','2021-05-13 09:00:00'),
(10,10,1,7,'2021-06-14','Tratado','Neumonía en crecimiento','2021-06-14 09:00:00','2021-06-14 09:00:00'),
(11,11,19,19,'2021-07-15','Tratado','Parásitos externos controlados','2021-07-15 09:00:00','2021-07-15 09:00:00'),
(12,12,3,27,'2021-08-16','Tratado','Desparasitación mensual','2021-08-16 09:00:00','2021-08-16 09:00:00'),
(13,13,6,34,'2021-09-17','Tratado','Coccidiosis controlada','2021-09-17 09:00:00','2021-09-17 09:00:00'),
(14,14,8,7,'2021-10-18','Tratado','Clostridiosis prevención','2021-10-18 09:00:00','2021-10-18 09:00:00'),
(15,15,11,8,'2021-11-19','Tratado','Leptospirosis seguimiento','2021-11-19 09:00:00','2021-11-19 09:00:00'),
(16,16,1,19,'2022-02-10','Tratado','Neumonía ocasional','2022-02-10 09:00:00','2022-02-10 09:00:00'),
(17,17,14,27,'2022-03-11','Observación','Artritis incipiente','2022-03-11 09:00:00','2022-03-11 09:00:00'),
(18,18,3,34,'2022-04-12','Tratado','Desparasitación con albendazol','2022-04-12 09:00:00','2022-04-12 09:00:00'),
(19,19,2,7,'2022-05-13','Tratado','Mastitis tratada','2022-05-13 09:00:00','2022-05-13 09:00:00'),
(20,20,5,8,'2022-06-14','Vigilancia','Fiebre aftosa - control preventivo','2022-06-14 09:00:00','2022-06-14 09:00:00'),
(21,21,3,19,'2022-07-15','Tratado','Control antiparasitario','2022-07-15 09:00:00','2022-07-15 09:00:00'),
(22,22,9,27,'2022-08-16','Tratado','Dermatitis por irritación','2022-08-16 09:00:00','2022-08-16 09:00:00'),
(23,23,13,34,'2022-09-17','Tratado','Gastroenteritis por cambio de dieta','2022-09-17 09:00:00','2022-09-17 09:00:00'),
(24,24,6,7,'2022-10-18','Tratado','Coccidiosis leve','2022-10-18 09:00:00','2022-10-18 09:00:00'),
(25,25,1,8,'2022-11-19','Tratado','Neumonía tratada con éxito','2022-11-19 09:00:00','2022-11-19 09:00:00'),
(26,26,3,19,'2023-07-01','Tratado','Desparasitación programada','2023-07-01 09:00:00','2023-07-01 09:00:00'),
(27,27,9,27,'2023-08-02','Observación','Problema de piel en área húmeda','2023-08-02 09:00:00','2023-08-02 09:00:00'),
(28,28,2,34,'2023-09-03','Tratado','Mastitis en hembras jóvenes','2023-09-03 09:00:00','2023-09-03 09:00:00'),
(29,29,13,7,'2023-10-04','Tratado','Gastroenteritis estacional','2023-10-04 09:00:00','2023-10-04 09:00:00'),
(30,30,6,8,'2023-11-05','Tratado','Coccidiosis prevenida','2023-11-05 09:00:00','2023-11-05 09:00:00'),
(31,31,3,19,'2023-12-06','Tratado','Desparasitación de rutina','2023-12-06 09:00:00','2023-12-06 09:00:00'),
(32,32,9,27,'2024-01-07','Observación','Irritación cutánea','2024-01-07 09:00:00','2024-01-07 09:00:00'),
(33,33,1,34,'2024-02-08','Tratado','Neumonía aislada','2024-02-08 09:00:00','2024-02-08 09:00:00'),
(34,34,19,7,'2024-03-09','Tratado','Parásitos externos','2024-03-09 09:00:00','2024-03-09 09:00:00'),
(35,35,13,8,'2024-04-10','Tratado','Gastroenteritis tratada con reposición','2024-04-10 09:00:00','2024-04-10 09:00:00'),
(36,36,6,19,'2024-07-15','Tratado','Coccidiosis controlada en potro','2024-07-15 09:00:00','2024-07-15 09:00:00'),
(37,37,2,27,'2024-08-16','Tratado','Mastitis en reproductora','2024-08-16 09:00:00','2024-08-16 09:00:00'),
(38,38,1,34,'2024-09-17','Tratado','Neumonía juvenil','2024-09-17 09:00:00','2024-09-17 09:00:00'),
(39,39,9,7,'2024-10-18','Tratado','Dermatitis por higiene','2024-10-18 09:00:00','2024-10-18 09:00:00'),
(40,40,3,8,'2024-11-19','Tratado','Desparasitación preventivo','2024-11-19 09:00:00','2024-11-19 09:00:00');

-- 12) animal_fields (40 entries) -> assign animals to fields with dates
INSERT INTO `animal_fields` (`id`,`animal_id`,`field_id`,`assignment_date`,`removal_date`,`notes`,`created_at`,`updated_at`) VALUES
(1,1,1,'2020-01-01',NULL,'Asignado potrero norte','2020-01-01 08:00:00','2020-01-01 08:00:00'),
(2,2,2,'2020-02-01',NULL,'Asignado potrero sur','2020-02-01 08:00:00','2020-02-01 08:00:00'),
(3,3,3,'2020-03-01',NULL,'Corral 1','2020-03-01 08:00:00','2020-03-01 08:00:00'),
(4,4,4,'2020-04-01',NULL,'Corral 2 mantenimiento','2020-04-01 08:00:00','2020-04-01 08:00:00'),
(5,5,5,'2020-05-01',NULL,'Invernadero','2020-05-01 08:00:00','2020-05-01 08:00:00'),
(6,6,6,'2021-01-01',NULL,'Potrero este','2021-01-01 08:00:00','2021-01-01 08:00:00'),
(7,7,7,'2021-02-01',NULL,'Potrero oeste','2021-02-01 08:00:00','2021-02-01 08:00:00'),
(8,8,8,'2021-03-01',NULL,'Cerca 3','2021-03-01 08:00:00','2021-03-01 08:00:00'),
(9,9,9,'2021-04-01',NULL,'Corral Leche','2021-04-01 08:00:00','2021-04-01 08:00:00'),
(10,10,10,'2021-05-01',NULL,'Pastizal 1','2021-05-01 08:00:00','2021-05-01 08:00:00'),
(11,11,11,'2021-06-01',NULL,'Adicional 1','2021-06-01 08:00:00','2021-06-01 08:00:00'),
(12,12,12,'2021-07-01',NULL,'Adicional 2','2021-07-01 08:00:00','2021-07-01 08:00:00'),
(13,13,13,'2021-08-01',NULL,'Cercado 4','2021-08-01 08:00:00','2021-08-01 08:00:00'),
(14,14,14,'2021-09-01',NULL,'Cercado 5','2021-09-01 08:00:00','2021-09-01 08:00:00'),
(15,15,15,'2021-10-01',NULL,'Establo 1','2021-10-01 08:00:00','2021-10-01 08:00:00'),
(16,16,16,'2022-01-01',NULL,'Establo 2','2022-01-01 08:00:00','2022-01-01 08:00:00'),
(17,17,17,'2022-02-01',NULL,'Potrero chico','2022-02-01 08:00:00','2022-02-01 08:00:00'),
(18,18,18,'2022-03-01',NULL,'Corral reproductivo','2022-03-01 08:00:00','2022-03-01 08:00:00'),
(19,19,19,'2022-04-01',NULL,'Experimental','2022-04-01 08:00:00','2022-04-01 08:00:00'),
(20,20,20,'2022-05-01',NULL,'Anexo','2022-05-01 08:00:00','2022-05-01 08:00:00'),
(21,21,21,'2022-06-01',NULL,'Sector 21','2022-06-01 08:00:00','2022-06-01 08:00:00'),
(22,22,22,'2022-07-01',NULL,'Sector 22','2022-07-01 08:00:00','2022-07-01 08:00:00'),
(23,23,23,'2022-08-01',NULL,'Sector 23','2022-08-01 08:00:00','2022-08-01 08:00:00'),
(24,24,24,'2022-09-01',NULL,'Sector 24','2022-09-01 08:00:00','2022-09-01 08:00:00'),
(25,25,25,'2022-10-01',NULL,'Sector 25','2022-10-01 08:00:00','2022-10-01 08:00:00'),
(26,26,26,'2023-06-01',NULL,'Sector 26','2023-06-01 08:00:00','2023-06-01 08:00:00'),
(27,27,27,'2023-07-01',NULL,'Sector 27','2023-07-01 08:00:00','2023-07-01 08:00:00'),
(28,28,28,'2023-08-01',NULL,'Sector 28','2023-08-01 08:00:00','2023-08-01 08:00:00'),
(29,29,29,'2023-09-01',NULL,'Sector 29','2023-09-01 08:00:00','2023-09-01 08:00:00'),
(30,30,30,'2023-10-01',NULL,'Sector 30','2023-10-01 08:00:00','2023-10-01 08:00:00'),
(31,31,31,'2023-11-01',NULL,'Sector 31','2023-11-01 08:00:00','2023-11-01 08:00:00'),
(32,32,32,'2023-12-01',NULL,'Sector 32','2023-12-01 08:00:00','2023-12-01 08:00:00'),
(33,33,33,'2024-01-01',NULL,'Sector 33','2024-01-01 08:00:00','2024-01-01 08:00:00'),
(34,34,34,'2024-02-01',NULL,'Sector 34','2024-02-01 08:00:00','2024-02-01 08:00:00'),
(35,35,35,'2024-03-01',NULL,'Sector 35','2024-03-01 08:00:00','2024-03-01 08:00:00'),
(36,36,36,'2024-06-01',NULL,'Sector 36','2024-06-01 08:00:00','2024-06-01 08:00:00'),
(37,37,37,'2024-07-01',NULL,'Sector 37','2024-07-01 08:00:00','2024-07-01 08:00:00'),
(38,38,38,'2024-08-01',NULL,'Sector 38','2024-08-01 08:00:00','2024-08-01 08:00:00'),
(39,39,39,'2024-09-01',NULL,'Sector 39','2024-09-01 08:00:00','2024-09-01 08:00:00'),
(40,40,40,'2024-10-01',NULL,'Sector 40','2024-10-01 08:00:00','2024-10-01 08:00:00');

-- 13) control (40 entries) -> health checkups for animals
INSERT INTO `control` (`id`,`checkup_date`,`health_status`,`weight`,`height`,`description`,`animal_id`,`created_at`,`updated_at`) VALUES
(1,'2020-01-10','Bueno',700,140,'Chequeo inicial',1,'2020-01-10 10:00:00','2020-01-10 10:00:00'),
(2,'2020-02-12','Bueno',620,135,'Chequeo inicial',2,'2020-02-12 10:00:00','2020-02-12 10:00:00'),
(3,'2020-03-15','Bueno',680,142,'Chequeo inicial',3,'2020-03-15 10:00:00','2020-03-15 10:00:00'),
(4,'2020-04-18','Regular',590,130,'Revisión',4,'2020-04-18 10:00:00','2020-04-18 10:00:00'),
(5,'2020-05-20','Bueno',600,133,'Revisión',5,'2020-05-20 10:00:00','2020-05-20 10:00:00'),
(6,'2021-01-12','Bueno',450,120,'Revisión anual',6,'2021-01-12 10:00:00','2021-01-12 10:00:00'),
(7,'2021-02-14','Excelente',430,118,'Crecimiento normal',7,'2021-02-14 10:00:00','2021-02-14 10:00:00'),
(8,'2021-03-16','Bueno',480,122,'Revisión',8,'2021-03-16 10:00:00','2021-03-16 10:00:00'),
(9,'2021-04-18','Bueno',410,115,'Revisión',9,'2021-04-18 10:00:00','2021-04-18 10:00:00'),
(10,'2021-05-20','Bueno',460,119,'Revisión',10,'2021-05-20 10:00:00','2021-05-20 10:00:00'),
(11,'2021-06-22','Bueno',420,116,'Revisión',11,'2021-06-22 10:00:00','2021-06-22 10:00:00'),
(12,'2021-07-24','Bueno',430,117,'Revisión',12,'2021-07-24 10:00:00','2021-07-24 10:00:00'),
(13,'2021-08-26','Bueno',440,118,'Revisión',13,'2021-08-26 10:00:00','2021-08-26 10:00:00'),
(14,'2021-09-28','Regular',470,121,'Revisión',14,'2021-09-28 10:00:00','2021-09-28 10:00:00'),
(15,'2021-10-30','Bueno',400,114,'Revisión',15,'2021-10-30 10:00:00','2021-10-30 10:00:00'),
(16,'2022-02-12','Bueno',320,100,'Revisión juvenil',16,'2022-02-12 10:00:00','2022-02-12 10:00:00'),
(17,'2022-03-14','Bueno',310,98,'Revisión juvenil',17,'2022-03-14 10:00:00','2022-03-14 10:00:00'),
(18,'2022-04-16','Bueno',340,102,'Revisión juvenil',18,'2022-04-16 10:00:00','2022-04-16 10:00:00'),
(19,'2022-05-18','Bueno',300,96,'Revisión juvenil',19,'2022-05-18 10:00:00','2022-05-18 10:00:00'),
(20,'2022-06-20','Bueno',330,101,'Revisión juvenil',20,'2022-06-20 10:00:00','2022-06-20 10:00:00'),
(21,'2022-07-22','Bueno',295,95,'Revisión',21,'2022-07-22 10:00:00','2022-07-22 10:00:00'),
(22,'2022-08-24','Bueno',310,97,'Revisión',22,'2022-08-24 10:00:00','2022-08-24 10:00:00'),
(23,'2022-09-26','Bueno',305,96,'Revisión',23,'2022-09-26 10:00:00','2022-09-26 10:00:00'),
(24,'2022-10-28','Bueno',340,103,'Revisión',24,'2022-10-28 10:00:00','2022-10-28 10:00:00'),
(25,'2022-11-30','Bueno',290,94,'Revisión',25,'2022-11-30 10:00:00','2022-11-30 10:00:00'),
(26,'2023-06-05','Bueno',200,85,'Chequeo potrero',26,'2023-06-05 10:00:00','2023-06-05 10:00:00'),
(27,'2023-07-07','Bueno',190,82,'Chequeo',27,'2023-07-07 10:00:00','2023-07-07 10:00:00'),
(28,'2023-08-09','Bueno',210,86,'Chequeo',28,'2023-08-09 10:00:00','2023-08-09 10:00:00'),
(29,'2023-09-11','Bueno',195,83,'Chequeo',29,'2023-09-11 10:00:00','2023-09-11 10:00:00'),
(30,'2023-10-13','Bueno',205,85,'Chequeo',30,'2023-10-13 10:00:00','2023-10-13 10:00:00'),
(31,'2023-11-15','Bueno',185,81,'Chequeo',31,'2023-11-15 10:00:00','2023-11-15 10:00:00'),
(32,'2023-12-17','Bueno',220,87,'Chequeo',32,'2023-12-17 10:00:00','2023-12-17 10:00:00'),
(33,'2024-01-19','Bueno',180,80,'Chequeo',33,'2024-01-19 10:00:00','2024-01-19 10:00:00'),
(34,'2024-02-21','Bueno',215,88,'Chequeo',34,'2024-02-21 10:00:00','2024-02-21 10:00:00'),
(35,'2024-03-23','Bueno',175,79,'Chequeo',35,'2024-03-23 10:00:00','2024-03-23 10:00:00'),
(36,'2024-06-20','Bueno',120,70,'Chequeo potro',36,'2024-06-20 10:00:00','2024-06-20 10:00:00'),
(37,'2024-07-22','Bueno',110,68,'Chequeo potra',37,'2024-07-22 10:00:00','2024-07-22 10:00:00'),
(38,'2024-08-24','Bueno',125,71,'Chequeo potrillo',38,'2024-08-24 10:00:00','2024-08-24 10:00:00'),
(39,'2024-09-26','Bueno',115,69,'Chequeo potra',39,'2024-09-26 10:00:00','2024-09-26 10:00:00'),
(40,'2024-10-28','Bueno',130,72,'Chequeo potrillo',40,'2024-10-28 10:00:00','2024-10-28 10:00:00');

-- 14) genetic_improvements (40 entries) -> events referencing animals (some older animals)
INSERT INTO `genetic_improvements` (`id`,`date`,`details`,`results`,`genetic_event_technique`,`animal_id`,`created_at`,`updated_at`) VALUES
(1,'2018-06-01','Mejoramiento por selección','Mayor rendimiento','Selección','6','2018-06-01 09:00:00','2018-06-01 09:00:00'),
(2,'2019-07-01','Cruzamiento controlado','Mayor resistencia','Cruzamiento','7','2019-07-01 09:00:00','2019-07-01 09:00:00'),
(3,'2018-08-01','Selección genética','Mejor conformación','Selección','8','2018-08-01 09:00:00','2018-08-01 09:00:00'),
(4,'2019-09-01','Cruzamiento','Mejor crecimiento','Cruzamiento','9','2019-09-01 09:00:00','2019-09-01 09:00:00'),
(5,'2020-10-01','Técnica AI','Gestación asistida','Inseminación artificial','10','2020-10-01 09:00:00','2020-10-01 09:00:00'),
(6,'2021-11-01','Mejora linaje','Mayor producción','Selección','11','2021-11-01 09:00:00','2021-11-01 09:00:00'),
(7,'2022-01-15','Cruzamiento planificado','Híbrido robusto','Cruzamiento','12','2022-01-15 09:00:00','2022-01-15 09:00:00'),
(8,'2022-02-20','Selección por fenotipo','Mejor conformación','Selección','13','2022-02-20 09:00:00','2022-02-20 09:00:00'),
(9,'2022-03-25','Prueba genética','Resultados positivos','Prueba genética','14','2022-03-25 09:00:00','2022-03-25 09:00:00'),
(10,'2022-04-30','Programa de mejora','Incremento de talla','Selección','15','2022-04-30 09:00:00','2022-04-30 09:00:00'),
(11,'2023-05-05','Cruzamiento','Hijo con mejor peso','Cruzamiento','16','2023-05-05 09:00:00','2023-05-05 09:00:00'),
(12,'2023-06-06','Inseminación','Resultado positivo','Inseminación artificial','17','2023-06-06 09:00:00','2023-06-06 09:00:00'),
(13,'2023-07-07','Selección','Mejor rendimiento','Selección','18','2023-07-07 09:00:00','2023-07-07 09:00:00'),
(14,'2023-08-08','Cruzamiento','Mayor adaptabilidad','Cruzamiento','19','2023-08-08 09:00:00','2023-08-08 09:00:00'),
(15,'2023-09-09','Mejora genética','Resultados favorables','Selección','20','2023-09-09 09:00:00','2023-09-09 09:00:00'),
(16,'2023-10-10','Técnica AI','Éxito en inseminación','Inseminación artificial','21','2023-10-10 09:00:00','2023-10-10 09:00:00'),
(17,'2023-11-11','Cruzamiento','Hijo resistente','Cruzamiento','22','2023-11-11 09:00:00','2023-11-11 09:00:00'),
(18,'2023-12-12','Selección','Mejor conformación','Selección','23','2023-12-12 09:00:00','2023-12-12 09:00:00'),
(19,'2024-01-13','Prueba genética','Confirmación favorable','Prueba genética','24','2024-01-13 09:00:00','2024-01-13 09:00:00'),
(20,'2024-02-14','Mejora linaje','Incremento de peso','Selección','25','2024-02-14 09:00:00','2024-02-14 09:00:00'),
(21,'2024-03-15','Cruzamiento','Mejor adaptación','Cruzamiento','26','2024-03-15 09:00:00','2024-03-15 09:00:00'),
(22,'2024-04-16','Selección','Mejor calidad de carne','Selección','27','2024-04-16 09:00:00','2024-04-16 09:00:00'),
(23,'2024-05-17','Inseminación','Éxito reproductivo','Inseminación artificial','28','2024-05-17 09:00:00','2024-05-17 09:00:00'),
(24,'2024-06-18','Cruzamiento','Hijo con mejor ganancia','Cruzamiento','29','2024-06-18 09:00:00','2024-06-18 09:00:00'),
(25,'2024-07-19','Selección','Mejor producción lechera','Selección','30','2024-07-19 09:00:00','2024-07-19 09:00:00'),
(26,'2024-08-20','Prueba genética','Resultados OK','Prueba genética','31','2024-08-20 09:00:00','2024-08-20 09:00:00'),
(27,'2024-09-21','Cruzamiento','Hijo robusto','Cruzamiento','32','2024-09-21 09:00:00','2024-09-21 09:00:00'),
(28,'2024-10-22','Selección','Mejor conformación','Selección','33','2024-10-22 09:00:00','2024-10-22 09:00:00'),
(29,'2024-11-23','Inseminación','Gestación confirmada','Inseminación artificial','34','2024-11-23 09:00:00','2024-11-23 09:00:00'),
(30,'2024-12-24','Cruzamiento','Resultado esperado','Cruzamiento','35','2024-12-24 09:00:00','2024-12-24 09:00:00'),
(31,'2025-01-25','Selección','Mejor adaptabilidad al clima','Selección','36','2025-01-25 09:00:00','2025-01-25 09:00:00'),
(32,'2025-02-26','Cruzamiento','Hijo con buena conformación','Cruzamiento','37','2025-02-26 09:00:00','2025-02-26 09:00:00'),
(33,'2025-03-27','Inseminación','Éxito','Inseminación artificial','38','2025-03-27 09:00:00','2025-03-27 09:00:00'),
(34,'2025-04-28','Selección','Rendimiento mejorado','Selección','39','2025-04-28 09:00:00','2025-04-28 09:00:00'),
(35,'2025-05-29','Cruzamiento','Hijo con buena salud','Cruzamiento','40','2025-05-29 09:00:00','2025-05-29 09:00:00'),
(36,'2025-06-30','Selección','Resultados preliminares','Selección','1','2025-06-30 09:00:00','2025-06-30 09:00:00'),
(37,'2025-07-01','Cruzamiento','Segunda fase','Cruzamiento','2','2025-07-01 09:00:00','2025-07-01 09:00:00'),
(38,'2025-07-02','Inseminación','Seguimiento','Inseminación artificial','3','2025-07-02 09:00:00','2025-07-02 09:00:00'),
(39,'2025-07-03','Selección','Ajustes de genética','Selección','4','2025-07-03 09:00:00','2025-07-03 09:00:00'),
(40,'2025-07-04','Cruzamiento','Plan a largo plazo','Cruzamiento','5','2025-07-04 09:00:00','2025-07-04 09:00:00');

-- 15) treatments (40 entries) -> treatments per animal
INSERT INTO `treatments` (`id`,`treatment_date`,`description`,`frequency`,`observations`,`dosis`,`animal_id`,`created_at`,`updated_at`) VALUES
(1,'2020-05-02','Tratamiento mastitis','Diaria','Observación 7 días','10ml',1,'2020-05-02 09:30:00','2020-05-02 09:30:00'),
(2,'2020-06-03','Antiparasitario oral','Una dosis','Control intestinal','5ml',2,'2020-06-03 09:30:00','2020-06-03 09:30:00'),
(3,'2020-07-04','Antibiótico respiratorio','3 días','Seguimiento','20ml',3,'2020-07-04 09:30:00','2020-07-04 09:30:00'),
(4,'2020-08-05','Cuidados piel','Semanal','Higiene local','2ml',4,'2020-08-05 09:30:00','2020-08-05 09:30:00'),
(5,'2020-09-06','Desparasitación','Una dosis','Control general','10ml',5,'2020-09-06 09:30:00','2020-09-06 09:30:00'),
(6,'2021-02-11','Aplicación vitamina','Una dosis','Refuerzo nutricional','5ml',6,'2021-02-11 09:30:00','2021-02-11 09:30:00'),
(7,'2021-03-12','Anti-inflamatorio','3 días','Alivio dolor','3ml',7,'2021-03-12 09:30:00','2021-03-12 09:30:00'),
(8,'2021-04-13','Vacunación','Protocolaria','Registro en plan','2ml',8,'2021-04-13 09:30:00','2021-04-13 09:30:00'),
(9,'2021-05-14','Antibiótico digestivo','5 días','Reposición','15ml',9,'2021-05-14 09:30:00','2021-05-14 09:30:00'),
(10,'2021-06-15','Tratamiento respiratorio','7 días','Revisión posterior','10ml',10,'2021-06-15 09:30:00','2021-06-15 09:30:00'),
(11,'2021-07-16','Desinfección local','Una vez','Herida menor','N/A',11,'2021-07-16 09:30:00','2021-07-16 09:30:00'),
(12,'2021-08-17','Control parasitario','Una dosis','Seguimiento mensual','10ml',12,'2021-08-17 09:30:00','2021-08-17 09:30:00'),
(13,'2021-09-18','Vacuna clostridial','Protocolaria','Registro','2ml',13,'2021-09-18 09:30:00','2021-09-18 09:30:00'),
(14,'2021-10-19','Antibiótico general','5 días','Observación','20ml',14,'2021-10-19 09:30:00','2021-10-19 09:30:00'),
(15,'2021-11-20','Tratamiento de leptospirosis','Trimestral','Seguimiento','5ml',15,'2021-11-20 09:30:00','2021-11-20 09:30:00'),
(16,'2022-02-13','Control parasitario','Una dosis','Prevención', '10ml',16,'2022-02-13 09:30:00','2022-02-13 09:30:00'),
(17,'2022-03-15','Cuidados articulares','Diaria 5d','Soporte', '3ml',17,'2022-03-15 09:30:00','2022-03-15 09:30:00'),
(18,'2022-04-17','Antibiótico','5 días','Reposición', '20ml',18,'2022-04-17 09:30:00','2022-04-17 09:30:00'),
(19,'2022-05-19','Vacunación anual','Una vez','Registro', '2ml',19,'2022-05-19 09:30:00','2022-05-19 09:30:00'),
(20,'2022-06-21','Refuerzo nutricional','Semanal 4s','Suplemento', '5ml',20,'2022-06-21 09:30:00','2022-06-21 09:30:00'),
(21,'2022-07-23','Tratamiento cutáneo','Semanal 2s','Higiene', '2ml',21,'2022-07-23 09:30:00','2022-07-23 09:30:00'),
(22,'2022-08-25','Desparasitación','Una dosis','Prevención', '10ml',22,'2022-08-25 09:30:00','2022-08-25 09:30:00'),
(23,'2022-09-27','Antibiótico gastro','5 días','Reposición', '15ml',23,'2022-09-27 09:30:00','2022-09-27 09:30:00'),
(24,'2022-10-29','Vacunación','Protocolaria','Registro','2ml',24,'2022-10-29 09:30:00','2022-10-29 09:30:00'),
(25,'2022-11-30','Antiparasitario','Una dosis','Prevención','10ml',25,'2022-11-30 09:30:00','2022-11-30 09:30:00'),
(26,'2023-06-06','Tratamiento leve','Diaria','Observación','5ml',26,'2023-06-06 09:30:00','2023-06-06 09:30:00'),
(27,'2023-07-08','Cuidados piel','Semanal','Higiene','2ml',27,'2023-07-08 09:30:00','2023-07-08 09:30:00'),
(28,'2023-08-10','Antibiótico','5 días','Reposición','20ml',28,'2023-08-10 09:30:00','2023-08-10 09:30:00'),
(29,'2023-09-12','Vacunación','Protocolaria','Registro','2ml',29,'2023-09-12 09:30:00','2023-09-12 09:30:00'),
(30,'2023-10-14','Desparasitación','Una dosis','Prevención','10ml',30,'2023-10-14 09:30:00','2023-10-14 09:30:00'),
(31,'2023-11-16','Tratamiento respiratorio','7 días','Seguimiento','10ml',31,'2023-11-16 09:30:00','2023-11-16 09:30:00'),
(32,'2023-12-18','Control parasitario','Una dosis','Prevención','10ml',32,'2023-12-18 09:30:00','2023-12-18 09:30:00'),
(33,'2024-01-20','Vacunación','Protocolaria','Registro','2ml',33,'2024-01-20 09:30:00','2024-01-20 09:30:00'),
(34,'2024-02-22','Antibiótico','5 días','Reposición','20ml',34,'2024-02-22 09:30:00','2024-02-22 09:30:00'),
(35,'2024-03-24','Desparasitación','Una dosis','Prevención','10ml',35,'2024-03-24 09:30:00','2024-03-24 09:30:00'),
(36,'2024-06-02','Control potro','Una vez','Evaluación','5ml',36,'2024-06-02 09:30:00','2024-06-02 09:30:00'),
(37,'2024-07-04','Control potra','Una vez','Evaluación','5ml',37,'2024-07-04 09:30:00','2024-07-04 09:30:00'),
(38,'2024-08-06','Tratamiento joven','Diaria','Observación','5ml',38,'2024-08-06 09:30:00','2024-08-06 09:30:00'),
(39,'2024-09-08','Cuidados potro','Diaria','Observación','5ml',39,'2024-09-08 09:30:00','2024-09-08 09:30:00'),
(40,'2024-10-10','Control potrillo','Una vez','Evaluación','5ml',40,'2024-10-10 09:30:00','2024-10-10 09:30:00');

-- 16) treatment_medications (40 entries) -> link treatments to medications
INSERT INTO `treatment_medications` (`id`,`treatment_id`,`medication_id`,`created_at`,`updated_at`) VALUES
(1,1,1,'2020-05-02 10:00:00','2020-05-02 10:00:00'),
(2,2,2,'2020-06-03 10:00:00','2020-06-03 10:00:00'),
(3,3,3,'2020-07-04 10:00:00','2020-07-04 10:00:00'),
(4,4,7,'2020-08-05 10:00:00','2020-08-05 10:00:00'),
(5,5,8,'2020-09-06 10:00:00','2020-09-06 10:00:00'),
(6,6,5,'2021-02-11 10:00:00','2021-02-11 10:00:00'),
(7,7,7,'2021-03-12 10:00:00','2021-03-12 10:00:00'),
(8,8,4,'2021-04-13 10:00:00','2021-04-13 10:00:00'),
(9,9,9,'2021-05-14 10:00:00','2021-05-14 10:00:00'),
(10,10,10,'2021-06-15 10:00:00','2021-06-15 10:00:00'),
(11,11,11,'2021-07-16 10:00:00','2021-07-16 10:00:00'),
(12,12,12,'2021-08-17 10:00:00','2021-08-17 10:00:00'),
(13,13,13,'2021-09-18 10:00:00','2021-09-18 10:00:00'),
(14,14,14,'2021-10-19 10:00:00','2021-10-19 10:00:00'),
(15,15,15,'2021-11-20 10:00:00','2021-11-20 10:00:00'),
(16,16,16,'2022-02-13 10:00:00','2022-02-13 10:00:00'),
(17,17,17,'2022-03-15 10:00:00','2022-03-15 10:00:00'),
(18,18,18,'2022-04-17 10:00:00','2022-04-17 10:00:00'),
(19,19,19,'2022-05-19 10:00:00','2022-05-19 10:00:00'),
(20,20,20,'2022-06-21 10:00:00','2022-06-21 10:00:00'),
(21,21,1,'2022-07-23 10:00:00','2022-07-23 10:00:00'),
(22,22,2,'2022-08-25 10:00:00','2022-08-25 10:00:00'),
(23,23,3,'2022-09-27 10:00:00','2022-09-27 10:00:00'),
(24,24,4,'2022-10-29 10:00:00','2022-10-29 10:00:00'),
(25,25,5,'2022-11-30 10:00:00','2022-11-30 10:00:00'),
(26,26,6,'2023-06-06 10:00:00','2023-06-06 10:00:00'),
(27,27,7,'2023-07-08 10:00:00','2023-07-08 10:00:00'),
(28,28,8,'2023-08-10 10:00:00','2023-08-10 10:00:00'),
(29,29,9,'2023-09-12 10:00:00','2023-09-12 10:00:00'),
(30,30,10,'2023-10-14 10:00:00','2023-10-14 10:00:00'),
(31,31,11,'2023-11-16 10:00:00','2023-11-16 10:00:00'),
(32,32,12,'2023-12-18 10:00:00','2023-12-18 10:00:00'),
(33,33,13,'2024-01-20 10:00:00','2024-01-20 10:00:00'),
(34,34,14,'2024-02-22 10:00:00','2024-02-22 10:00:00'),
(35,35,15,'2024-03-24 10:00:00','2024-03-24 10:00:00'),
(36,36,16,'2024-06-02 10:00:00','2024-06-02 10:00:00'),
(37,37,17,'2024-07-04 10:00:00','2024-07-04 10:00:00'),
(38,38,18,'2024-08-06 10:00:00','2024-08-06 10:00:00'),
(39,39,19,'2024-09-08 10:00:00','2024-09-08 10:00:00'),
(40,40,20,'2024-10-10 10:00:00','2024-10-10 10:00:00');

-- 17) treatment_vaccines (40 entries) -> link treatments to vaccines
INSERT INTO `treatment_vaccines` (`id`,`treatment_id`,`vaccine_id`,`created_at`,`updated_at`) VALUES
(1,1,1,'2020-05-02 11:00:00','2020-05-02 11:00:00'),
(2,2,6,'2020-06-03 11:00:00','2020-06-03 11:00:00'),
(3,3,3,'2020-07-04 11:00:00','2020-07-04 11:00:00'),
(4,4,11,'2020-08-05 11:00:00','2020-08-05 11:00:00'),
(5,5,6,'2020-09-06 11:00:00','2020-09-06 11:00:00'),
(6,6,5,'2021-02-11 11:00:00','2021-02-11 11:00:00'),
(7,7,7,'2021-03-12 11:00:00','2021-03-12 11:00:00'),
(8,8,4,'2021-04-13 11:00:00','2021-04-13 11:00:00'),
(9,9,10,'2021-05-14 11:00:00','2021-05-14 11:00:00'),
(10,10,9,'2021-06-15 11:00:00','2021-06-15 11:00:00'),
(11,11,11,'2021-07-16 11:00:00','2021-07-16 11:00:00'),
(12,12,12,'2021-08-17 11:00:00','2021-08-17 11:00:00'),
(13,13,13,'2021-09-18 11:00:00','2021-09-18 11:00:00'),
(14,14,14,'2021-10-19 11:00:00','2021-10-19 11:00:00'),
(15,15,15,'2021-11-20 11:00:00','2021-11-20 11:00:00'),
(16,16,16,'2022-02-13 11:00:00','2022-02-13 11:00:00'),
(17,17,17,'2022-03-15 11:00:00','2022-03-15 11:00:00'),
(18,18,18,'2022-04-17 11:00:00','2022-04-17 11:00:00'),
(19,19,19,'2022-05-19 11:00:00','2022-05-19 11:00:00'),
(20,20,20,'2022-06-21 11:00:00','2022-06-21 11:00:00'),
(21,21,1,'2022-07-23 11:00:00','2022-07-23 11:00:00'),
(22,22,2,'2022-08-25 11:00:00','2022-08-25 11:00:00'),
(23,23,3,'2022-09-27 11:00:00','2022-09-27 11:00:00'),
(24,24,4,'2022-10-29 11:00:00','2022-10-29 11:00:00'),
(25,25,5,'2022-11-30 11:00:00','2022-11-30 11:00:00'),
(26,26,6,'2023-06-06 11:00:00','2023-06-06 11:00:00'),
(27,27,7,'2023-07-08 11:00:00','2023-07-08 11:00:00'),
(28,28,8,'2023-08-10 11:00:00','2023-08-10 11:00:00'),
(29,29,9,'2023-09-12 11:00:00','2023-09-12 11:00:00'),
(30,30,10,'2023-10-14 11:00:00','2023-10-14 11:00:00'),
(31,31,11,'2023-11-16 11:00:00','2023-11-16 11:00:00'),
(32,32,12,'2023-12-18 11:00:00','2023-12-18 11:00:00'),
(33,33,13,'2024-01-20 11:00:00','2024-01-20 11:00:00'),
(34,34,14,'2024-02-22 11:00:00','2024-02-22 11:00:00'),
(35,35,15,'2024-03-24 11:00:00','2024-03-24 11:00:00'),
(36,36,16,'2024-06-02 11:00:00','2024-06-02 11:00:00'),
(37,37,17,'2024-07-04 11:00:00','2024-07-04 11:00:00'),
(38,38,18,'2024-08-06 11:00:00','2024-08-06 11:00:00'),
(39,39,19,'2024-09-08 11:00:00','2024-09-08 11:00:00'),
(40,40,20,'2024-10-10 11:00:00','2024-10-10 11:00:00');

-- 18) vaccinations (40 entries) -> link animals to vaccines with apprentice/instructor ids
INSERT INTO `vaccinations` (`id`,`animal_id`,`vaccine_id`,`vaccination_date`,`apprentice_id`,`instructor_id`,`created_at`,`updated_at`) VALUES
(1,1,1,'2020-05-02',4,7,'2020-05-02 12:00:00','2020-05-02 12:00:00'),
(2,2,2,'2020-06-04',5,8,'2020-06-04 12:00:00','2020-06-04 12:00:00'),
(3,3,3,'2020-07-06',3,7,'2020-07-06 12:00:00','2020-07-06 12:00:00'),
(4,4,4,'2020-08-08',4,8,'2020-08-08 12:00:00','2020-08-08 12:00:00'),
(5,5,5,'2020-09-10',5,7,'2020-09-10 12:00:00','2020-09-10 12:00:00'),
(6,6,6,'2021-02-12',6,19,'2021-02-12 12:00:00','2021-02-12 12:00:00'),
(7,7,7,'2021-03-14',9,27,'2021-03-14 12:00:00','2021-03-14 12:00:00'),
(8,8,8,'2021-04-16',10,34,'2021-04-16 12:00:00','2021-04-16 12:00:00'),
(9,9,9,'2021-05-18',11,7,'2021-05-18 12:00:00','2021-05-18 12:00:00'),
(10,10,10,'2021-06-20',12,8,'2021-06-20 12:00:00','2021-06-20 12:00:00'),
(11,11,11,'2021-07-22',13,19,'2021-07-22 12:00:00','2021-07-22 12:00:00'),
(12,12,12,'2021-08-24',14,27,'2021-08-24 12:00:00','2021-08-24 12:00:00'),
(13,13,13,'2021-09-26',15,34,'2021-09-26 12:00:00','2021-09-26 12:00:00'),
(14,14,14,'2021-10-28',16,7,'2021-10-28 12:00:00','2021-10-28 12:00:00'),
(15,15,15,'2021-11-30',17,8,'2021-11-30 12:00:00','2021-11-30 12:00:00'),
(16,16,16,'2022-02-14',18,19,'2022-02-14 12:00:00','2022-02-14 12:00:00'),
(17,17,17,'2022-03-16',19,27,'2022-03-16 12:00:00','2022-03-16 12:00:00'),
(18,18,18,'2022-04-18',20,34,'2022-04-18 12:00:00','2022-04-18 12:00:00'),
(19,19,19,'2022-05-20',21,7,'2022-05-20 12:00:00','2022-05-20 12:00:00'),
(20,20,20,'2022-06-22',22,8,'2022-06-22 12:00:00','2022-06-22 12:00:00'),
(21,21,1,'2022-07-24',23,19,'2022-07-24 12:00:00','2022-07-24 12:00:00'),
(22,22,2,'2022-08-26',24,27,'2022-08-26 12:00:00','2022-08-26 12:00:00'),
(23,23,3,'2022-09-28',25,34,'2022-09-28 12:00:00','2022-09-28 12:00:00'),
(24,24,4,'2022-10-30',26,7,'2022-10-30 12:00:00','2022-10-30 12:00:00'),
(25,25,5,'2022-11-30',27,8,'2022-11-30 12:00:00','2022-11-30 12:00:00'),
(26,26,6,'2023-06-07',28,19,'2023-06-07 12:00:00','2023-06-07 12:00:00'),
(27,27,7,'2023-07-09',29,27,'2023-07-09 12:00:00','2023-07-09 12:00:00'),
(28,28,8,'2023-08-11',30,34,'2023-08-11 12:00:00','2023-08-11 12:00:00'),
(29,29,9,'2023-09-13',31,7,'2023-09-13 12:00:00','2023-09-13 12:00:00'),
(30,30,10,'2023-10-15',32,8,'2023-10-15 12:00:00','2023-10-15 12:00:00'),
(31,31,11,'2023-11-17',33,19,'2023-11-17 12:00:00','2023-11-17 12:00:00'),
(32,32,12,'2023-12-19',34,27,'2023-12-19 12:00:00','2023-12-19 12:00:00'),
(33,33,13,'2024-01-21',35,34,'2024-01-21 12:00:00','2024-01-21 12:00:00'),
(34,34,14,'2024-02-23',36,7,'2024-02-23 12:00:00','2024-02-23 12:00:00'),
(35,35,15,'2024-03-25',37,8,'2024-03-25 12:00:00','2024-03-25 12:00:00'),
(36,36,16,'2024-06-03',38,19,'2024-06-03 12:00:00','2024-06-03 12:00:00'),
(37,37,17,'2024-07-05',39,27,'2024-07-05 12:00:00','2024-07-05 12:00:00'),
(38,38,18,'2024-08-07',40,34,'2024-08-07 12:00:00','2024-08-07 12:00:00'),
(39,39,19,'2024-09-09',2,7,'2024-09-09 12:00:00','2024-09-09 12:00:00'),
(40,40,20,'2024-10-11',3,8,'2024-10-11 12:00:00','2024-10-11 12:00:00');

COMMIT;